model,sample_count,compile_success,static_warnings,rougeL_f_vs_spec,token_f1_vs_spec,spec_compliance_score,eval_count,eval_duration_ms,prompt_eval_count,prompt_eval_duration_ms,total_duration_ms,wall_time_ms,compile_success_rate_pct
codellama:7b,8,0.25,-1.0,0.01785986205403756,0.018733987928163436,3.375,552.25,147635792850.0,113.25,6763736850.0,155127871287.5,157181.5,25.0
starcoder2:3b,8,0.5,-1.0,0.28630281172297983,0.28630281172297983,1.2857142857142858,343.125,44030157487.5,80.5,4072031587.5,49544960350.0,51595.5,50.0
