model,sample_count,eval_count,eval_duration_ms,prompt_eval_count,prompt_eval_duration_ms,total_duration_ms,wall_time_ms
deepseek-coder:1.3b,11,807.4545454545455,47981961463.63636,72.81818181818181,557383345.4545455,49161633127.27273,51221.0
llama3.2:1b,11,378.6363636363636,22983395381.81818,75.81818181818181,625576945.4545455,24757233454.545456,26806.81818181818
starcoder2:3b,11,313.0,31484308263.636364,48.63636363636363,1095809336.3636363,32961228809.090908,35013.09090909091
